"Name"	"Chr"	"Position"	"X9220011004_R01C01.B.Allele.Freq"	"X9220011004_R01C01.Log.R.Ratio"
"GA008510"	"Y"	13311305	1	-0.02637429
"GA008524"	"Y"	21152701	0	0.02595943
"GA008529"	"Y"	21154004	1	0.2695999
"GA008532"	"Y"	28463253	0.0166478	0.8884708
"GA026677"	"Y"	2722814	0.596433	-2.485017
"GA026703"	"Y"	13324571	0.4756165	-3.005108
